name,like,dislike,keyword,author
Product A,10,2,fast,smooth,1
Product B,25,5,durable,strong,2
Product C,18,4,lightweight,flexible,3
Product D,30,3,modern,elegant,4
Product E,12,7,economical,easy,1Search Term,Positive Ratio,Negative Ratio,Category,Ratio
Search Term,Positive Ratio,Negative Ratio,Category,Ratio
갤럭시 s24,0.00%,100.00%,,
갤럭시 s24,,,내구성,0.69%
갤럭시 s24,,,완성도,0.00%
갤럭시 s24,,,디자인,0.69%
갤럭시 s24,,,긍정,0.00%
갤럭시 s24,,,부정,0.00%
Search Term,Positive Ratio,Negative Ratio,Category,Ratio
갤럭시 s24,0.00%,100.00%,,
갤럭시 s24,,,내구성,0.69%
갤럭시 s24,,,완성도,0.00%
갤럭시 s24,,,디자인,0.69%
갤럭시 s24,,,긍정,0.00%
갤럭시 s24,,,부정,0.00%
Search Term,Positive Ratio,Negative Ratio,Category,Ratio
갤럭시 s24,0.00%,100.00%,,
갤럭시 s24,,,내구성,0.68%
갤럭시 s24,,,완성도,0.00%
갤럭시 s24,,,디자인,0.68%
갤럭시 s24,,,긍정,0.00%
갤럭시 s24,,,부정,0.00%
Search Term,Positive Ratio,Negative Ratio,Category,Ratio
갤럭시 s24,0.00%,100.00%,,
갤럭시 s24,,,내구성,0.68%
갤럭시 s24,,,완성도,0.00%
갤럭시 s24,,,디자인,0.68%
갤럭시 s24,,,긍정,0.00%
갤럭시 s24,,,부정,0.00%
Search Term,Positive Ratio,Negative Ratio,Category,Ratio
갤럭시 s24,0.00%,100.00%,,
갤럭시 s24,,,내구성,0.17%
갤럭시 s24,,,완성도,0.06%
갤럭시 s24,,,디자인,5.38%
갤럭시 s24,,,긍정,0.00%
갤럭시 s24,,,부정,0.06%
Search Term,Positive Ratio,Negative Ratio,Category,Ratio
갤럭시 s24,0.00%,100.00%,,
갤럭시 s24,,,내구성,0.09%
갤럭시 s24,,,완성도,0.09%
갤럭시 s24,,,디자인,2.67%
갤럭시 s24,,,긍정,0.00%
갤럭시 s24,,,부정,0.09%
Search Term,Positive Ratio,Negative Ratio,Category,Ratio,image
갤럭시 s24,0.00%,100.00%,,,https://encrypted-tbn0.gstatic.com/images?q=tbn:ANd9GcQbri-FOw9GIFDTGEZ9jGDVMnhi2wcuuPijAA8tV07C4mYhr6_3HheT8jCK&s
갤럭시 s24,,,내구성,0.14%
갤럭시 s24,,,완성도,0.05%
갤럭시 s24,,,디자인,5.50%
갤럭시 s24,,,긍정,0.00%
갤럭시 s24,,,부정,0.05%
